Workbook

Sheet DADOS_MENSAIS
A1: DASHBOARD ILUMINAÇÃO PÚBLICA · BASE DE DADOS MENSAL
A2: Campos AZUIS = entrada de dados · Não altere cabeçalhos nem a estrutura das colunas
A3: MÊS | B3: FINANCEIRO | D3: SLA 1 · Pontos de IP Acesos | G3: SLA 2 · Emergência | I3: SLA 3 · Não Emerg. | K3: SLA 4 · Sistema | M3: SLA 5 · Distribuição Satisfação (%) | Q3: SLA 5 · Contagem
A4: Mês | B4: CMM | C4: FM | D4: Nf | E4: Ni | F4: Pt | G4: NCEi | H4: NCEa | I4: NCNEi | J4: NCNEa | K4: Dm | L4: Ti | M4: % Ótimo | N4: % Bom | O4: % Regular | P4: % Ruim | Q4: Total Ligações | R4: Não Opinou
A5: jan/26 | K5: 31
A6: fev/26 | K6: 28
A7: mar/26 | K7: 31
A8: abr/26 | B8: 427136.76 | C8: 0.5 | D8: 221 | E8: 0 | F8: 15879 | G8: 2 | H8: 2 | I8: 15 | J8: 15 | K8: 30 | L8: 0 | M8: 64 | N8: 36 | O8: 0 | P8: 0 | Q8: 26 | R8: 2
A9: mai/26 | K9: 31
A10: jun/26 | K10: 30
A11: jul/26 | K11: 31
A12: ago/26 | K12: 31
A13: set/26 | K13: 30
A14: out/26 | K14: 31
A15: nov/26 | K15: 30
A16: dez/26 | K16: 31
A19: ⚠ Não altere os cabeçalhos da linha 4 · Não insira linhas antes da linha 5 · Formato mês: jan/26, fev/26...

Sheet TABELAS_SLA
A1: TABELAS DE PONTUAÇÃO DOS SLAs
A3: SLA 1 & 4 — Disponibilidade / Pontos Acesos [Peso: SLA1=40%, SLA4=10%]
A4: Mínimo | B4: Máximo | C4: Score
A5: 99,01% | B5: 100% | C5: 1
A6: 98,01% | B6: 99,00% | C6: 0.9
A7: 97,01% | B7: 98,00% | C7: 0.8
A8: 96,01% | B8: 97,00% | C8: 0.7
A9: 0,00% | B9: 96,00% | C9: 0
A12: SLA 2 & 3 — Chamados Emergenciais / Não Emergenciais [Peso: SLA2=20%, SLA3=20%]
A13: Mínimo | B13: Máximo | C13: Score
A14: 93,76% | B14: 100% | C14: 1
A15: 87,51% | B15: 93,75% | C15: 0.9
A16: 81,26% | B16: 87,50% | C16: 0.8
A17: 75,01% | B17: 81,25% | C17: 0.7
A18: 0,00% | B18: 75,00% | C18: 0
A21: SLA 5 — Pesquisa de Satisfação [Peso: 10%]
A22: Classificação | B22: Faixa | C22: Score
A23: Ruim | B23: SLA < 60% | C23: 0
A24: Regular | B24: 60%≤SLA≤70% | C24: 0
A25: Bom | B25: 70%≤SLA≤90% | C25: 0.9
A26: Ótimo | B26: SLA≥90% | C26: 1

Sheet RESULTADOS
A1: RESULTADOS CALCULADOS — NÃO EDITAR MANUALMENTE
A2: Calculado automaticamente via DADOS_MENSAIS · linha 4 = cabeçalhos · linhas 5+ = dados
A3: Mês | B3: PPA % SLA1 | C3: Score SLA1 | D3: PCE % SLA2 | E3: Score SLA2 | F3: PCNE% SLA3 | G3: Score SLA3 | H3: TOS % SLA4 | I3: Score SLA4 | J3: Score SLA5 | K3: IE (FE) | L3: CME (R$)
A4: =DADOS_MENSAIS!A5 | B4: =IFERROR(1-(DADOS_MENSAIS!D5-DADOS_MENSAIS!E5)/DADOS_MENSAIS!F5,"") | C4: =IFERROR(IF(B4>=0.9901,1,IF(B4>=0.9801,0.9,IF(B4>=0.9701,0.8,IF(B4>=0.9601,0.7,0)))),"") | D4: =IFERROR(IF(AND(DADOS_MENSAIS!G5=0,DADOS_MENSAIS!H5=0),1,IF(DADOS_MENSAIS!G5>0,DADOS_MENSAIS!H5/DADOS_MENSAIS!G5,1)),"") | E4: =IFERROR(IF(D4>=0.9376,1,IF(D4>=0.8751,0.9,IF(D4>=0.8126,0.8,IF(D4>=0.7501,0.7,0)))),"") | F4: =IFERROR(IF(AND(DADOS_MENSAIS!I5=0,DADOS_MENSAIS!J5=0),1,IF(DADOS_MENSAIS!I5>0,DADOS_MENSAIS!J5/DADOS_MENSAIS!I5,1)),"") | G4: =IFERROR(IF(F4>=0.9376,1,IF(F4>=0.8751,0.9,IF(F4>=0.8126,0.8,IF(F4>=0.7501,0.7,0)))),"") | H4: =IFERROR((1440*DADOS_MENSAIS!K5-DADOS_MENSAIS!L5)/(1440*DADOS_MENSAIS!K5),"") | I4: =IFERROR(IF(H4>=0.9901,1,IF(H4>=0.9801,0.9,IF(H4>=0.9701,0.8,IF(H4>=0.9601,0.7,0)))),"") | J4: =IFERROR(IF((DADOS_MENSAIS!M5+DADOS_MENSAIS!N5)/100>=0.9,1,IF((DADOS_MENSAIS!M5+DADOS_MENSAIS!N5)/100>=0.7,0.9,0)),"") | K4: =IFERROR(C4*0.4+E4*0.2+G4*0.2+I4*0.1+J4*0.1,"") | L4: =IFERROR(DADOS_MENSAIS!B5*DADOS_MENSAIS!C5*K4,"")
A5: =DADOS_MENSAIS!A6 | B5: =IFERROR(1-(DADOS_MENSAIS!D6-DADOS_MENSAIS!E6)/DADOS_MENSAIS!F6,"") | C5: =IFERROR(IF(B5>=0.9901,1,IF(B5>=0.9801,0.9,IF(B5>=0.9701,0.8,IF(B5>=0.9601,0.7,0)))),"") | D5: =IFERROR(IF(AND(DADOS_MENSAIS!G6=0,DADOS_MENSAIS!H6=0),1,IF(DADOS_MENSAIS!G6>0,DADOS_MENSAIS!H6/DADOS_MENSAIS!G6,1)),"") | E5: =IFERROR(IF(D5>=0.9376,1,IF(D5>=0.8751,0.9,IF(D5>=0.8126,0.8,IF(D5>=0.7501,0.7,0)))),"") | F5: =IFERROR(IF(AND(DADOS_MENSAIS!I6=0,DADOS_MENSAIS!J6=0),1,IF(DADOS_MENSAIS!I6>0,DADOS_MENSAIS!J6/DADOS_MENSAIS!I6,1)),"") | G5: =IFERROR(IF(F5>=0.9376,1,IF(F5>=0.8751,0.9,IF(F5>=0.8126,0.8,IF(F5>=0.7501,0.7,0)))),"") | H5: =IFERROR((1440*DADOS_MENSAIS!K6-DADOS_MENSAIS!L6)/(1440*DADOS_MENSAIS!K6),"") | I5: =IFERROR(IF(H5>=0.9901,1,IF(H5>=0.9801,0.9,IF(H5>=0.9701,0.8,IF(H5>=0.9601,0.7,0)))),"") | J5: =IFERROR(IF((DADOS_MENSAIS!M6+DADOS_MENSAIS!N6)/100>=0.9,1,IF((DADOS_MENSAIS!M6+DADOS_MENSAIS!N6)/100>=0.7,0.9,0)),"") | K5: =IFERROR(C5*0.4+E5*0.2+G5*0.2+I5*0.1+J5*0.1,"") | L5: =IFERROR(DADOS_MENSAIS!B6*DADOS_MENSAIS!C6*K5,"")
A6: =DADOS_MENSAIS!A7 | B6: =IFERROR(1-(DADOS_MENSAIS!D7-DADOS_MENSAIS!E7)/DADOS_MENSAIS!F7,"") | C6: =IFERROR(IF(B6>=0.9901,1,IF(B6>=0.9801,0.9,IF(B6>=0.9701,0.8,IF(B6>=0.9601,0.7,0)))),"") | D6: =IFERROR(IF(AND(DADOS_MENSAIS!G7=0,DADOS_MENSAIS!H7=0),1,IF(DADOS_MENSAIS!G7>0,DADOS_MENSAIS!H7/DADOS_MENSAIS!G7,1)),"") | E6: =IFERROR(IF(D6>=0.9376,1,IF(D6>=0.8751,0.9,IF(D6>=0.8126,0.8,IF(D6>=0.7501,0.7,0)))),"") | F6: =IFERROR(IF(AND(DADOS_MENSAIS!I7=0,DADOS_MENSAIS!J7=0),1,IF(DADOS_MENSAIS!I7>0,DADOS_MENSAIS!J7/DADOS_MENSAIS!I7,1)),"") | G6: =IFERROR(IF(F6>=0.9376,1,IF(F6>=0.8751,0.9,IF(F6>=0.8126,0.8,IF(F6>=0.7501,0.7,0)))),"") | H6: =IFERROR((1440*DADOS_MENSAIS!K7-DADOS_MENSAIS!L7)/(1440*DADOS_MENSAIS!K7),"") | I6: =IFERROR(IF(H6>=0.9901,1,IF(H6>=0.9801,0.9,IF(H6>=0.9701,0.8,IF(H6>=0.9601,0.7,0)))),"") | J6: =IFERROR(IF((DADOS_MENSAIS!M7+DADOS_MENSAIS!N7)/100>=0.9,1,IF((DADOS_MENSAIS!M7+DADOS_MENSAIS!N7)/100>=0.7,0.9,0)),"") | K6: =IFERROR(C6*0.4+E6*0.2+G6*0.2+I6*0.1+J6*0.1,"") | L6: =IFERROR(DADOS_MENSAIS!B7*DADOS_MENSAIS!C7*K6,"")
A7: =DADOS_MENSAIS!A8 | B7: =IFERROR(1-(DADOS_MENSAIS!D8-DADOS_MENSAIS!E8)/DADOS_MENSAIS!F8,"") | C7: =IFERROR(IF(B7>=0.9901,1,IF(B7>=0.9801,0.9,IF(B7>=0.9701,0.8,IF(B7>=0.9601,0.7,0)))),"") | D7: =IFERROR(IF(AND(DADOS_MENSAIS!G8=0,DADOS_MENSAIS!H8=0),1,IF(DADOS_MENSAIS!G8>0,DADOS_MENSAIS!H8/DADOS_MENSAIS!G8,1)),"") | E7: =IFERROR(IF(D7>=0.9376,1,IF(D7>=0.8751,0.9,IF(D7>=0.8126,0.8,IF(D7>=0.7501,0.7,0)))),"") | F7: =IFERROR(IF(AND(DADOS_MENSAIS!I8=0,DADOS_MENSAIS!J8=0),1,IF(DADOS_MENSAIS!I8>0,DADOS_MENSAIS!J8/DADOS_MENSAIS!I8,1)),"") | G7: =IFERROR(IF(F7>=0.9376,1,IF(F7>=0.8751,0.9,IF(F7>=0.8126,0.8,IF(F7>=0.7501,0.7,0)))),"") | H7: =IFERROR((1440*DADOS_MENSAIS!K8-DADOS_MENSAIS!L8)/(1440*DADOS_MENSAIS!K8),"") | I7: =IFERROR(IF(H7>=0.9901,1,IF(H7>=0.9801,0.9,IF(H7>=0.9701,0.8,IF(H7>=0.9601,0.7,0)))),"") | J7: =IFERROR(IF((DADOS_MENSAIS!M8+DADOS_MENSAIS!N8)/100>=0.9,1,IF((DADOS_MENSAIS!M8+DADOS_MENSAIS!N8)/100>=0.7,0.9,0)),"") | K7: =IFERROR(C7*0.4+E7*0.2+G7*0.2+I7*0.1+J7*0.1,"") | L7: =IFERROR(DADOS_MENSAIS!B8*DADOS_MENSAIS!C8*K7,"")
A8: =DADOS_MENSAIS!A9 | B8: =IFERROR(1-(DADOS_MENSAIS!D9-DADOS_MENSAIS!E9)/DADOS_MENSAIS!F9,"") | C8: =IFERROR(IF(B8>=0.9901,1,IF(B8>=0.9801,0.9,IF(B8>=0.9701,0.8,IF(B8>=0.9601,0.7,0)))),"") | D8: =IFERROR(IF(AND(DADOS_MENSAIS!G9=0,DADOS_MENSAIS!H9=0),1,IF(DADOS_MENSAIS!G9>0,DADOS_MENSAIS!H9/DADOS_MENSAIS!G9,1)),"") | E8: =IFERROR(IF(D8>=0.9376,1,IF(D8>=0.8751,0.9,IF(D8>=0.8126,0.8,IF(D8>=0.7501,0.7,0)))),"") | F8: =IFERROR(IF(AND(DADOS_MENSAIS!I9=0,DADOS_MENSAIS!J9=0),1,IF(DADOS_MENSAIS!I9>0,DADOS_MENSAIS!J9/DADOS_MENSAIS!I9,1)),"") | G8: =IFERROR(IF(F8>=0.9376,1,IF(F8>=0.8751,0.9,IF(F8>=0.8126,0.8,IF(F8>=0.7501,0.7,0)))),"") | H8: =IFERROR((1440*DADOS_MENSAIS!K9-DADOS_MENSAIS!L9)/(1440*DADOS_MENSAIS!K9),"") | I8: =IFERROR(IF(H8>=0.9901,1,IF(H8>=0.9801,0.9,IF(H8>=0.9701,0.8,IF(H8>=0.9601,0.7,0)))),"") | J8: =IFERROR(IF((DADOS_MENSAIS!M9+DADOS_MENSAIS!N9)/100>=0.9,1,IF((DADOS_MENSAIS!M9+DADOS_MENSAIS!N9)/100>=0.7,0.9,0)),"") | K8: =IFERROR(C8*0.4+E8*0.2+G8*0.2+I8*0.1+J8*0.1,"") | L8: =IFERROR(DADOS_MENSAIS!B9*DADOS_MENSAIS!C9*K8,"")
A9: =DADOS_MENSAIS!A10 | B9: =IFERROR(1-(DADOS_MENSAIS!D10-DADOS_MENSAIS!E10)/DADOS_MENSAIS!F10,"") | C9: =IFERROR(IF(B9>=0.9901,1,IF(B9>=0.9801,0.9,IF(B9>=0.9701,0.8,IF(B9>=0.9601,0.7,0)))),"") | D9: =IFERROR(IF(AND(DADOS_MENSAIS!G10=0,DADOS_MENSAIS!H10=0),1,IF(DADOS_MENSAIS!G10>0,DADOS_MENSAIS!H10/DADOS_MENSAIS!G10,1)),"") | E9: =IFERROR(IF(D9>=0.9376,1,IF(D9>=0.8751,0.9,IF(D9>=0.8126,0.8,IF(D9>=0.7501,0.7,0)))),"") | F9: =IFERROR(IF(AND(DADOS_MENSAIS!I10=0,DADOS_MENSAIS!J10=0),1,IF(DADOS_MENSAIS!I10>0,DADOS_MENSAIS!J10/DADOS_MENSAIS!I10,1)),"") | G9: =IFERROR(IF(F9>=0.9376,1,IF(F9>=0.8751,0.9,IF(F9>=0.8126,0.8,IF(F9>=0.7501,0.7,0)))),"") | H9: =IFERROR((1440*DADOS_MENSAIS!K10-DADOS_MENSAIS!L10)/(1440*DADOS_MENSAIS!K10),"") | I9: =IFERROR(IF(H9>=0.9901,1,IF(H9>=0.9801,0.9,IF(H9>=0.9701,0.8,IF(H9>=0.9601,0.7,0)))),"") | J9: =IFERROR(IF((DADOS_MENSAIS!M10+DADOS_MENSAIS!N10)/100>=0.9,1,IF((DADOS_MENSAIS!M10+DADOS_MENSAIS!N10)/100>=0.7,0.9,0)),"") | K9: =IFERROR(C9*0.4+E9*0.2+G9*0.2+I9*0.1+J9*0.1,"") | L9: =IFERROR(DADOS_MENSAIS!B10*DADOS_MENSAIS!C10*K9,"")
A10: =DADOS_MENSAIS!A11 | B10: =IFERROR(1-(DADOS_MENSAIS!D11-DADOS_MENSAIS!E11)/DADOS_MENSAIS!F11,"") | C10: =IFERROR(IF(B10>=0.9901,1,IF(B10>=0.9801,0.9,IF(B10>=0.9701,0.8,IF(B10>=0.9601,0.7,0)))),"") | D10: =IFERROR(IF(AND(DADOS_MENSAIS!G11=0,DADOS_MENSAIS!H11=0),1,IF(DADOS_MENSAIS!G11>0,DADOS_MENSAIS!H11/DADOS_MENSAIS!G11,1)),"") | E10: =IFERROR(IF(D10>=0.9376,1,IF(D10>=0.8751,0.9,IF(D10>=0.8126,0.8,IF(D10>=0.7501,0.7,0)))),"") | F10: =IFERROR(IF(AND(DADOS_MENSAIS!I11=0,DADOS_MENSAIS!J11=0),1,IF(DADOS_MENSAIS!I11>0,DADOS_MENSAIS!J11/DADOS_MENSAIS!I11,1)),"") | G10: =IFERROR(IF(F10>=0.9376,1,IF(F10>=0.8751,0.9,IF(F10>=0.8126,0.8,IF(F10>=0.7501,0.7,0)))),"") | H10: =IFERROR((1440*DADOS_MENSAIS!K11-DADOS_MENSAIS!L11)/(1440*DADOS_MENSAIS!K11),"") | I10: =IFERROR(IF(H10>=0.9901,1,IF(H10>=0.9801,0.9,IF(H10>=0.9701,0.8,IF(H10>=0.9601,0.7,0)))),"") | J10: =IFERROR(IF((DADOS_MENSAIS!M11+DADOS_MENSAIS!N11)/100>=0.9,1,IF((DADOS_MENSAIS!M11+DADOS_MENSAIS!N11)/100>=0.7,0.9,0)),"") | K10: =IFERROR(C10*0.4+E10*0.2+G10*0.2+I10*0.1+J10*0.1,"") | L10: =IFERROR(DADOS_MENSAIS!B11*DADOS_MENSAIS!C11*K10,"")
A11: =DADOS_MENSAIS!A12 | B11: =IFERROR(1-(DADOS_MENSAIS!D12-DADOS_MENSAIS!E12)/DADOS_MENSAIS!F12,"") | C11: =IFERROR(IF(B11>=0.9901,1,IF(B11>=0.9801,0.9,IF(B11>=0.9701,0.8,IF(B11>=0.9601,0.7,0)))),"") | D11: =IFERROR(IF(AND(DADOS_MENSAIS!G12=0,DADOS_MENSAIS!H12=0),1,IF(DADOS_MENSAIS!G12>0,DADOS_MENSAIS!H12/DADOS_MENSAIS!G12,1)),"") | E11: =IFERROR(IF(D11>=0.9376,1,IF(D11>=0.8751,0.9,IF(D11>=0.8126,0.8,IF(D11>=0.7501,0.7,0)))),"") | F11: =IFERROR(IF(AND(DADOS_MENSAIS!I12=0,DADOS_MENSAIS!J12=0),1,IF(DADOS_MENSAIS!I12>0,DADOS_MENSAIS!J12/DADOS_MENSAIS!I12,1)),"") | G11: =IFERROR(IF(F11>=0.9376,1,IF(F11>=0.8751,0.9,IF(F11>=0.8126,0.8,IF(F11>=0.7501,0.7,0)))),"") | H11: =IFERROR((1440*DADOS_MENSAIS!K12-DADOS_MENSAIS!L12)/(1440*DADOS_MENSAIS!K12),"") | I11: =IFERROR(IF(H11>=0.9901,1,IF(H11>=0.9801,0.9,IF(H11>=0.9701,0.8,IF(H11>=0.9601,0.7,0)))),"") | J11: =IFERROR(IF((DADOS_MENSAIS!M12+DADOS_MENSAIS!N12)/100>=0.9,1,IF((DADOS_MENSAIS!M12+DADOS_MENSAIS!N12)/100>=0.7,0.9,0)),"") | K11: =IFERROR(C11*0.4+E11*0.2+G11*0.2+I11*0.1+J11*0.1,"") | L11: =IFERROR(DADOS_MENSAIS!B12*DADOS_MENSAIS!C12*K11,"")
A12: =DADOS_MENSAIS!A13 | B12: =IFERROR(1-(DADOS_MENSAIS!D13-DADOS_MENSAIS!E13)/DADOS_MENSAIS!F13,"") | C12: =IFERROR(IF(B12>=0.9901,1,IF(B12>=0.9801,0.9,IF(B12>=0.9701,0.8,IF(B12>=0.9601,0.7,0)))),"") | D12: =IFERROR(IF(AND(DADOS_MENSAIS!G13=0,DADOS_MENSAIS!H13=0),1,IF(DADOS_MENSAIS!G13>0,DADOS_MENSAIS!H13/DADOS_MENSAIS!G13,1)),"") | E12: =IFERROR(IF(D12>=0.9376,1,IF(D12>=0.8751,0.9,IF(D12>=0.8126,0.8,IF(D12>=0.7501,0.7,0)))),"") | F12: =IFERROR(IF(AND(DADOS_MENSAIS!I13=0,DADOS_MENSAIS!J13=0),1,IF(DADOS_MENSAIS!I13>0,DADOS_MENSAIS!J13/DADOS_MENSAIS!I13,1)),"") | G12: =IFERROR(IF(F12>=0.9376,1,IF(F12>=0.8751,0.9,IF(F12>=0.8126,0.8,IF(F12>=0.7501,0.7,0)))),"") | H12: =IFERROR((1440*DADOS_MENSAIS!K13-DADOS_MENSAIS!L13)/(1440*DADOS_MENSAIS!K13),"") | I12: =IFERROR(IF(H12>=0.9901,1,IF(H12>=0.9801,0.9,IF(H12>=0.9701,0.8,IF(H12>=0.9601,0.7,0)))),"") | J12: =IFERROR(IF((DADOS_MENSAIS!M13+DADOS_MENSAIS!N13)/100>=0.9,1,IF((DADOS_MENSAIS!M13+DADOS_MENSAIS!N13)/100>=0.7,0.9,0)),"") | K12: =IFERROR(C12*0.4+E12*0.2+G12*0.2+I12*0.1+J12*0.1,"") | L12: =IFERROR(DADOS_MENSAIS!B13*DADOS_MENSAIS!C13*K12,"")
A13: =DADOS_MENSAIS!A14 | B13: =IFERROR(1-(DADOS_MENSAIS!D14-DADOS_MENSAIS!E14)/DADOS_MENSAIS!F14,"") | C13: =IFERROR(IF(B13>=0.9901,1,IF(B13>=0.9801,0.9,IF(B13>=0.9701,0.8,IF(B13>=0.9601,0.7,0)))),"") | D13: =IFERROR(IF(AND(DADOS_MENSAIS!G14=0,DADOS_MENSAIS!H14=0),1,IF(DADOS_MENSAIS!G14>0,DADOS_MENSAIS!H14/DADOS_MENSAIS!G14,1)),"") | E13: =IFERROR(IF(D13>=0.9376,1,IF(D13>=0.8751,0.9,IF(D13>=0.8126,0.8,IF(D13>=0.7501,0.7,0)))),"") | F13: =IFERROR(IF(AND(DADOS_MENSAIS!I14=0,DADOS_MENSAIS!J14=0),1,IF(DADOS_MENSAIS!I14>0,DADOS_MENSAIS!J14/DADOS_MENSAIS!I14,1)),"") | G13: =IFERROR(IF(F13>=0.9376,1,IF(F13>=0.8751,0.9,IF(F13>=0.8126,0.8,IF(F13>=0.7501,0.7,0)))),"") | H13: =IFERROR((1440*DADOS_MENSAIS!K14-DADOS_MENSAIS!L14)/(1440*DADOS_MENSAIS!K14),"") | I13: =IFERROR(IF(H13>=0.9901,1,IF(H13>=0.9801,0.9,IF(H13>=0.9701,0.8,IF(H13>=0.9601,0.7,0)))),"") | J13: =IFERROR(IF((DADOS_MENSAIS!M14+DADOS_MENSAIS!N14)/100>=0.9,1,IF((DADOS_MENSAIS!M14+DADOS_MENSAIS!N14)/100>=0.7,0.9,0)),"") | K13: =IFERROR(C13*0.4+E13*0.2+G13*0.2+I13*0.1+J13*0.1,"") | L13: =IFERROR(DADOS_MENSAIS!B14*DADOS_MENSAIS!C14*K13,"")
A14: =DADOS_MENSAIS!A15 | B14: =IFERROR(1-(DADOS_MENSAIS!D15-DADOS_MENSAIS!E15)/DADOS_MENSAIS!F15,"") | C14: =IFERROR(IF(B14>=0.9901,1,IF(B14>=0.9801,0.9,IF(B14>=0.9701,0.8,IF(B14>=0.9601,0.7,0)))),"") | D14: =IFERROR(IF(AND(DADOS_MENSAIS!G15=0,DADOS_MENSAIS!H15=0),1,IF(DADOS_MENSAIS!G15>0,DADOS_MENSAIS!H15/DADOS_MENSAIS!G15,1)),"") | E14: =IFERROR(IF(D14>=0.9376,1,IF(D14>=0.8751,0.9,IF(D14>=0.8126,0.8,IF(D14>=0.7501,0.7,0)))),"") | F14: =IFERROR(IF(AND(DADOS_MENSAIS!I15=0,DADOS_MENSAIS!J15=0),1,IF(DADOS_MENSAIS!I15>0,DADOS_MENSAIS!J15/DADOS_MENSAIS!I15,1)),"") | G14: =IFERROR(IF(F14>=0.9376,1,IF(F14>=0.8751,0.9,IF(F14>=0.8126,0.8,IF(F14>=0.7501,0.7,0)))),"") | H14: =IFERROR((1440*DADOS_MENSAIS!K15-DADOS_MENSAIS!L15)/(1440*DADOS_MENSAIS!K15),"") | I14: =IFERROR(IF(H14>=0.9901,1,IF(H14>=0.9801,0.9,IF(H14>=0.9701,0.8,IF(H14>=0.9601,0.7,0)))),"") | J14: =IFERROR(IF((DADOS_MENSAIS!M15+DADOS_MENSAIS!N15)/100>=0.9,1,IF((DADOS_MENSAIS!M15+DADOS_MENSAIS!N15)/100>=0.7,0.9,0)),"") | K14: =IFERROR(C14*0.4+E14*0.2+G14*0.2+I14*0.1+J14*0.1,"") | L14: =IFERROR(DADOS_MENSAIS!B15*DADOS_MENSAIS!C15*K14,"")
A15: =DADOS_MENSAIS!A16 | B15: =IFERROR(1-(DADOS_MENSAIS!D16-DADOS_MENSAIS!E16)/DADOS_MENSAIS!F16,"") | C15: =IFERROR(IF(B15>=0.9901,1,IF(B15>=0.9801,0.9,IF(B15>=0.9701,0.8,IF(B15>=0.9601,0.7,0)))),"") | D15: =IFERROR(IF(AND(DADOS_MENSAIS!G16=0,DADOS_MENSAIS!H16=0),1,IF(DADOS_MENSAIS!G16>0,DADOS_MENSAIS!H16/DADOS_MENSAIS!G16,1)),"") | E15: =IFERROR(IF(D15>=0.9376,1,IF(D15>=0.8751,0.9,IF(D15>=0.8126,0.8,IF(D15>=0.7501,0.7,0)))),"") | F15: =IFERROR(IF(AND(DADOS_MENSAIS!I16=0,DADOS_MENSAIS!J16=0),1,IF(DADOS_MENSAIS!I16>0,DADOS_MENSAIS!J16/DADOS_MENSAIS!I16,1)),"") | G15: =IFERROR(IF(F15>=0.9376,1,IF(F15>=0.8751,0.9,IF(F15>=0.8126,0.8,IF(F15>=0.7501,0.7,0)))),"") | H15: =IFERROR((1440*DADOS_MENSAIS!K16-DADOS_MENSAIS!L16)/(1440*DADOS_MENSAIS!K16),"") | I15: =IFERROR(IF(H15>=0.9901,1,IF(H15>=0.9801,0.9,IF(H15>=0.9701,0.8,IF(H15>=0.9601,0.7,0)))),"") | J15: =IFERROR(IF((DADOS_MENSAIS!M16+DADOS_MENSAIS!N16)/100>=0.9,1,IF((DADOS_MENSAIS!M16+DADOS_MENSAIS!N16)/100>=0.7,0.9,0)),"") | K15: =IFERROR(C15*0.4+E15*0.2+G15*0.2+I15*0.1+J15*0.1,"") | L15: =IFERROR(DADOS_MENSAIS!B16*DADOS_MENSAIS!C16*K15,"")
